date,picks,total_pnl,pct,peak_pct,win_rate_pct,best_sym,best_pnl,worst_sym,worst_pnl,notes
2026-06-29,4,81.29,0.2,0.2,75.0,SOUTHBANK,94.69,OFSS,-91.12,"Reviewed 4 picks: 3 up, 1 down (+0.20% on the day). Losses look like normal market noise, not a systematic mistake. Auto-tuned for tomorrow: min_score 49->48 (strong day (win 75%))."
2026-06-30,12,1547.88,1.29,0.2,75.0,KPITTECH,472.44,MAXHEALTH,-119.43,"Reviewed 12 picks: 9 up, 3 down (+1.29% on the day). Winners avg score 58.3 vs losers 76.0; winners 11% trend-aligned vs losers 100%. Losses look like normal market noise, not a systematic mistake. Auto-tuned for tomorrow: min_score 48->47 (strong day (win 75%))."
2026-07-02,6,-233.7,-0.39,0.0,33.3,NYKAA,89.97,FINCABLES,-140.5,"Reviewed 6 picks: 2 up, 4 down (-0.39% on the day). Winners avg score 73.8 vs losers 63.7; winners 100% trend-aligned vs losers 100%. Losses look like normal market noise, not a systematic mistake. Winners scored higher on average (73.8) than losers (63.7) - demanding a higher score should help. Auto-tuned for tomorrow: min_score 50->51 (winners scored 73.8 vs losers 63.7)."
2026-07-03,8,-410.98,-0.51,0.0,0.0,ICICIBANK,-13.44,SHRIRAMFIN,-101.44,"Reviewed 8 picks: 0 up, 8 down (-0.51% on the day). Losses look like normal market noise, not a systematic mistake. Auto-tuned for tomorrow: min_score 51->52 (win rate 0% / stop-heavy)."
2026-07-06,8,258.54,0.32,0.0,87.5,CHOLAFIN,96.02,AUBANK,-56.21,"Reviewed 8 picks: 7 up, 1 down (+0.32% on the day). Winners avg score 85.7 vs losers 74.4; winners 100% trend-aligned vs losers 100%. Losses look like normal market noise, not a systematic mistake. Winners scored higher on average (85.7) than losers (74.4) - demanding a higher score should help. Auto-tuned for tomorrow: min_score 52->53 (winners scored 85.7 vs losers 74.4)."
2026-07-07,8,409.3,0.51,0.0,75.0,HFCL,307.81,SHRIRAMFIN,-51.29,"Reviewed 8 picks: 6 up, 2 down (+0.51% on the day). Winners avg score 74.8 vs losers 85.0; winners 100% trend-aligned vs losers 100%. Losses look like normal market noise, not a systematic mistake. Auto-tuned for tomorrow: min_score 53->52 (strong day (win 75%))."
2026-07-08,8,-1764.61,-2.21,0.0,0.0,OFSS,-55.14,CHOLAFIN,-420.66,"Reviewed 8 picks: 0 up, 8 down (-2.21% on the day). 8 of 8 losers FOUGHT the market regime (down market) - trust the regime more. Auto-tuned for tomorrow: counter_trend_penalty 10->12 (counter-trend picks kept losing); min_score 52->53 (win rate 0% / stop-heavy)."
2026-07-09,8,-93.92,-0.12,0.0,50.0,DELHIVERY,18.46,OFSS,-58.93,"Reviewed 8 picks: 4 up, 4 down (-0.12% on the day). Winners avg score 74.0 vs losers 72.8; winners 100% trend-aligned vs losers 100%. Losses look like normal market noise, not a systematic mistake. No threshold change needed - today was within normal range."
2026-07-10,8,270.17,0.34,0.0,62.5,OFSS,121.62,DIXON,-79.1,"Reviewed 8 picks: 5 up, 3 down (+0.34% on the day). Winners avg score 72.0 vs losers 70.3; winners 100% trend-aligned vs losers 67%. 1 of 3 losers FOUGHT the market regime (up market) - trust the regime more. Auto-tuned for tomorrow: counter_trend_penalty 12->14 (counter-trend picks kept losing)."
2026-07-13,8,-29.36,-0.04,0.0,62.5,PAYTM,98.32,OFSS,-121.11,"Reviewed 8 picks: 5 up, 3 down (-0.04% on the day). Winners avg score 64.6 vs losers 76.2; winners 100% trend-aligned vs losers 67%. 1 of 3 losers FOUGHT the market regime (up market) - trust the regime more. Auto-tuned for tomorrow: counter_trend_penalty 14->16 (counter-trend picks kept losing)."
2026-07-14,7,-163.46,-0.23,0.0,28.6,KPITTECH,86.54,OFSS,-162.19,"Reviewed 7 picks: 2 up, 5 down (-0.23% on the day). Winners avg score 65.1 vs losers 66.9; winners 50% trend-aligned vs losers 100%. Losses look like normal market noise, not a systematic mistake. Auto-tuned for tomorrow: min_score 53->54 (win rate 29% / stop-heavy)."
